70001,Supp
70011,Supp
70014,Supp
70023,Elite
70026,Supp
70029,Supp
70036,Credit
70039,Supp
70043,Supp
70044,Supp
70053,Supp
70054,Supp
70056,Supp
70060,Elite
70061,Supp
70066,Supp
70067,Supp
70075,Supp
70079,Supp
70091,Supp
70096,Credit
70112,Supp
70143,Credit
70144,Elite
70154,Supp
70161,Credit
70167,Supp
70172,Supp
70177,Supp
70185,Supp
70202,Elite
70239,Elite
70269,Supp
70270,Elite
70291,Elite
70294,Supp
70305,Supp
70336,Supp
70342,Supp
70345,Supp
70349,Supp
70358,Supp
70359,Supp
70390,Supp
70398,Supp
70401,Elite
70408,Credit
70409,Credit
70417,Elite
70419,Supp
70423,Supp
70425,Supp
70427,Elite
70428,Supp
70429,Supp
70436,Supp
70446,Elite
70456,Elite
70461,Supp
70465,Elite
70466,Supp
70471,Elite
70474,Elite
70476,Supp
70499,Supp
70500,Elite
70501,Elite
70506,Supp
70509,Supp
70512,Elite
70533,Supp
70538,Supp
70560,Supp
70587,Supp
70588,Elite
70602,Credit
70619,Supp
70620,Supp
70621,Elite
70626,Supp
70642,Supp
70645,Elite
70651,Supp
70660,Supp
70661,Supp
70664,Credit
70668,Elite
70677,Supp
70683,Supp
70690,Supp
70694,Elite
70703,Supp
70707,Supp
70709,Supp
70722,Supp
70723,Elite
70736,Supp
70741,Supp
70746,Elite
70763,Elite
70778,Supp
70781,Supp
70785,Supp
70787,Elite
70788,Elite
70790,Supp
70803,Elite
70804,Supp
70805,Supp
70828,Supp
70833,Supp
70838,Elite
70862,Supp
70864,Elite
70885,Supp
70889,Supp
70898,Elite
70901,Supp
70909,Supp
70914,Supp
70924,Elite
70928,Supp
70933,Elite
70967,Supp
70968,Elite
70973,Supp
70978,Credit
70989,Elite
70996,Supp
71020,Supp
71030,Supp
71046,Supp
71050,Supp
71052,Supp
71062,Supp
71067,Supp
71073,Supp
71078,Elite
71091,Elite
71103,Supp
71105,Supp
71106,Elite
71111,Supp
71127,Supp
71129,Elite
71130,Supp
71140,Supp
71148,Supp
71155,Supp
71160,Supp
71162,Supp
71164,Elite
71185,Credit
71199,Elite
71215,Supp
71229,Supp
71234,Supp
71235,Supp
71263,Elite
71289,Supp
71293,Supp
71301,Supp
71304,Supp
71309,Credit
71314,Supp
71319,Elite
71330,Credit
71332,Supp
71341,Supp
71357,Supp
71361,Supp
71367,Supp
71370,Credit
71374,Supp
71391,Elite
71394,Elite
71399,Elite
71409,Elite
71417,Supp
71420,Credit
71440,Supp
71462,Elite
71464,Supp
71468,Elite
71470,Supp
71474,Elite
71478,Elite
71488,Elite
71497,Supp
71498,Supp
71504,Elite
71519,Credit
71527,Elite
71540,Supp
71549,Supp
71560,Elite
71563,Supp
71571,Elite
71576,Elite
71596,Supp
71610,Credit
71614,Elite
71621,Elite
71638,Elite
71639,Supp
71650,Elite
71651,Supp
71653,Supp
71656,Supp
71665,Supp
71668,Elite
71670,Supp
71682,Elite
71685,Supp
71695,Supp
71706,Supp
71714,Credit
71726,Supp
71740,Supp
71743,Supp
71746,Supp
71749,Supp
71756,Supp
71779,Supp
71790,Supp
71803,Supp
71817,Elite
71821,Supp
71828,Elite
71829,Supp
71832,Supp
71844,Supp
71860,Supp
71863,Supp
71886,Elite
71890,Credit
71914,Elite
71915,Supp
71919,Supp
71931,Supp
71960,Supp
71966,Supp
71969,Supp
71971,Credit
71994,Supp
72004,Supp
72010,Supp
72011,Supp
72018,Supp
72019,Credit
72020,Supp
72023,Supp
72024,Supp
72033,Supp
72034,Supp
72042,Elite
72043,Supp
72045,Credit
72075,Supp
72084,Supp
72088,Elite
72090,Supp
72098,Supp
72099,Elite
72100,Supp
72105,Supp
72109,Supp
72117,Supp
72122,Elite
72123,Supp
72134,Elite
72138,Supp
72140,Supp
72145,Elite
72149,Supp
72159,Supp
72166,Elite
72179,Elite
72193,Elite
72196,Supp
72198,Elite
72209,Supp
72218,Elite
72221,Supp
72223,Credit
72242,Credit
72262,Supp
72273,Supp
72282,Supp
72297,Supp
72312,Credit
72313,Supp
72314,Elite
72317,Elite
72356,Elite
72358,Supp
72363,Supp
72366,Supp
72368,Supp
72369,Supp
72375,Supp
72378,Supp
72384,Supp
72388,Supp
72398,Supp
72420,Supp
72423,Credit
72433,Elite
72441,Elite
72451,Supp
72465,Supp
72469,Supp
72486,Elite
72492,Supp
72494,Supp
72508,Elite
72518,Elite
72532,Credit
72533,Credit
72534,Supp
72540,Supp
72542,Credit
72554,Supp
72557,Supp
72569,Elite
72593,Elite
72594,Supp
72601,Supp
72603,Supp
72623,Supp
72632,Supp
72634,Supp
72635,Credit
72641,Elite
72643,Elite
72644,Elite
72649,Elite
72653,Supp
72657,Elite
72663,Credit
72696,Supp
72710,Elite
72714,Supp
72717,Supp
72742,Elite
72746,Supp
72755,Supp
72763,Supp
72766,Supp
72769,Supp
72773,Supp
72775,Supp
72786,Supp
72790,Supp
72797,Elite
72800,Supp
72803,Elite
72807,Supp
72821,Elite
72823,Supp
72825,Credit
72828,Supp
72839,Supp
72844,Credit
72850,Elite
72864,Supp
72865,Supp
72872,Elite
72881,Elite
72887,Supp
72888,Supp
72900,Supp
72914,Elite
72938,Elite
72941,Supp
72957,Credit
72961,Credit
72963,Supp
72966,Supp
72974,Credit
72976,Supp
72983,Elite
72991,Elite
72997,Supp
73024,Supp
73037,Supp
73040,Elite
73043,Credit
73067,Elite
73077,Supp
73089,Supp
73117,Credit
73122,Elite
73124,Supp
73127,Supp
73129,Supp
73131,Supp
73134,Elite
73136,Supp
73141,Supp
73146,Supp
73162,Elite
73164,Supp
73192,Supp
73203,Elite
73211,Supp
73212,Supp
73213,Elite
73214,Elite
73215,Elite
73219,Supp
73224,Credit
73225,Supp
73231,Elite
73233,Supp
73252,Elite
73256,Supp
73258,Elite
73268,Supp
73272,Supp
73273,Supp
73279,Supp
73290,Supp
73296,Supp
73303,Supp
73309,Elite
73322,Elite
73330,Supp
73341,Elite
73352,Supp
73356,Supp
73358,Supp
73360,Elite
73365,Supp
73367,Supp
73368,Elite
73370,Elite
73375,Supp
73376,Elite
73383,Elite
73387,Elite
73391,Supp
73399,Supp
73414,Elite
73422,Credit
73427,Supp
73436,Supp
73437,Credit
73441,Supp
73444,Supp
73445,Elite
73448,Supp
73467,Supp
73484,Supp
73495,Elite
73496,Credit
73508,Credit
73516,Supp
73541,Supp
73552,Supp
73559,Elite
73560,Supp
73561,Elite
73563,Supp
73575,Elite
73585,Elite
73605,Supp
73608,Elite
73624,Supp
73625,Supp
73627,Supp
73628,Supp
73639,Supp
73643,Elite
73652,Supp
73657,Supp
73666,Credit
73693,Elite
73703,Supp
73706,Credit
73708,Credit
73724,Supp
73732,Supp
73739,Elite
73744,Credit
73754,Supp
73759,Credit
73765,Supp
73770,Elite
73771,Supp
73773,Elite
73774,Supp
73776,Supp
73788,Elite
73795,Elite
73808,Elite
73813,Supp
73825,Supp
73832,Elite
73833,Supp
73841,Supp
73850,Elite
73858,Supp
73859,Supp
73868,Supp
73869,Supp
73877,Supp
73885,Supp
73888,Elite
73893,Supp
73918,Elite
73926,Credit
73942,Elite
73946,Supp
73951,Supp
73952,Supp
73958,Supp
73970,Elite
73972,Supp
73984,Supp
73989,Supp
73994,Supp
74011,Supp
74027,Supp
74028,Supp
74031,Supp
74041,Supp
74042,Elite
74054,Supp
74063,Supp
74067,Supp
74076,Supp
74077,Supp
74078,Supp
74098,Supp
74116,Credit
74128,Supp
74138,Supp
74144,Elite
74159,Supp
74160,Supp
74161,Supp
74214,Supp
74219,Supp
74223,Elite
74224,Supp
74240,Elite
74243,Supp
74254,Supp
74256,Supp
74272,Supp
74283,Elite
74296,Supp
74307,Supp
74309,Credit
74322,Elite
74330,Supp
74331,Supp
74333,Elite
74336,Supp
74348,Supp
74349,Elite
74392,Supp
74397,Supp
74399,Elite
74407,Supp
74411,Elite
74415,Elite
74422,Supp
74423,Credit
74430,Elite
74435,Supp
74478,Supp
74484,Supp
74490,Elite
74506,Supp
74512,Supp
74527,Supp
74573,Supp
74582,Supp
74584,Supp
74590,Elite
74596,Supp
74597,Supp
74630,Supp
74637,Supp
74640,Supp
74641,Supp
74647,Elite
74648,Supp
74650,Supp
74661,Elite
74670,Supp
74673,Supp
74674,Supp
74683,Elite
74695,Supp
74699,Supp
74718,Supp
74720,Supp
74721,Supp
74723,Supp
74742,Elite
74747,Elite
74754,Supp
74765,Supp
74766,Supp
74771,Supp
74778,Supp
74780,Credit
74800,Supp
74823,Elite
74833,Credit
74836,Supp
74840,Supp
74850,Supp
74851,Supp
74853,Supp
74867,Supp
74890,Elite
74898,Elite
74909,Credit
74918,Supp
74926,Credit
74927,Supp
74945,Supp
74966,Elite
74969,Supp
74970,Elite
74985,Elite
75012,Supp
75027,Supp
75032,Credit
75045,Supp
75046,Supp
75075,Supp
75096,Supp
75097,Elite
75101,Supp
75120,Supp
75146,Supp
75156,Supp
75170,Supp
75186,Supp
75188,Supp
75200,Supp
75201,Supp
75202,Supp
75203,Elite
75215,Credit
75218,Supp
75224,Supp
75231,Supp
75232,Supp
75255,Elite
75260,Supp
75265,Elite
75280,Supp
75285,Elite
75296,Credit
75297,Supp
75308,Credit
75316,Supp
75325,Elite
75326,Elite
75327,Supp
75332,Elite
75336,Elite
75352,Supp
75365,Supp
75368,Supp
75374,Elite
75375,Supp
75378,Supp
75379,Supp
75385,Supp
75399,Supp
75403,Elite
75415,Supp
75431,Supp
75440,Elite
75453,Elite
75454,Supp
75456,Elite
75460,Supp
75471,Supp
75481,Supp
75483,Supp
75494,Elite
75499,Supp
75504,Supp
75505,Elite
75509,Supp
75510,Elite
75520,Elite
75522,Supp
75538,Supp
75561,Supp
75564,Supp
75571,Supp
75573,Elite
75581,Supp
75595,Supp
75606,Supp
75611,Supp
75637,Supp
75640,Supp
75643,Supp
75661,Supp
75667,Supp
75668,Supp
75671,Supp
75673,Supp
75683,Supp
75689,Elite
75695,Supp
75696,Elite
75698,Credit
75706,Supp
75709,Supp
75716,Credit
75719,Supp
75722,Supp
75725,Elite
75735,Supp
75740,Elite
75765,Supp
75772,Supp
75784,Elite
75786,Credit
75789,Supp
75792,Supp
75796,Supp
75798,Elite
75803,Supp
75815,Supp
75832,Supp
75842,Supp
75850,Supp
75861,Supp
75892,Supp
75893,Supp
75896,Supp
75898,Elite
75902,Supp
75903,Elite
75909,Supp
75919,Supp
75941,Elite
75957,Elite
75959,Supp
75967,Supp
75989,Credit
75995,Supp
75996,Supp
75999,Supp
76000,Supp
76014,Elite
76028,Credit
76029,Supp
76035,Supp
76045,Elite
76059,Supp
76071,Elite
76073,Credit
76076,Supp
76086,Supp
76096,Elite
76100,Supp
76101,Supp
76114,Credit
76117,Credit
76120,Supp
76121,Credit
76137,Supp
76147,Supp
76155,Elite
76156,Supp
76164,Supp
76171,Credit
76175,Supp
76180,Supp
76181,Supp
76187,Elite
76192,Elite
76193,Elite
76194,Elite
76199,Supp
76203,Elite
76217,Supp
76219,Supp
76227,Elite
76234,Supp
76236,Supp
76237,Supp
76244,Supp
76249,Supp
76267,Supp
76276,Supp
76279,Supp
76286,Supp
76294,Elite
76302,Credit
76306,Elite
76309,Supp
76324,Credit
76325,Elite
76326,Elite
76333,Credit
76340,Supp
76350,Supp
76362,Supp
76374,Supp
76377,Supp
76389,Supp
76402,Elite
76406,Supp
76413,Supp
76415,Supp
76431,Supp
76445,Credit
76448,Elite
76449,Supp
76454,Supp
76458,Supp
76459,Elite
76464,Supp
76475,Supp
76489,Elite
76491,Elite
76500,Elite
76510,Elite
76517,Supp
76518,Credit
76526,Supp
76531,Supp
76534,Supp
76541,Supp
76547,Supp
76570,Supp
76575,Supp
76586,Elite
76589,Supp
76616,Supp
76620,Supp
76636,Elite
76643,Credit
76648,Supp
76654,Supp
76657,Elite
76661,Credit
76667,Credit
76685,Elite
76687,Elite
76691,Elite
76693,Supp
76697,Supp
76714,Supp
76731,Supp
76735,Supp
76746,Supp
76757,Credit
76765,Elite
76775,Supp
76776,Supp
76818,Elite
76831,Supp
76835,Supp
76848,Supp
76849,Supp
76857,Elite
76867,Elite
76876,Elite
76880,Supp
76889,Supp
76898,Elite
76899,Supp
76900,Supp
76937,Elite
76945,Elite
76949,Supp
76952,Supp
76967,Supp
76972,Supp
76973,Elite
76977,Supp
76978,Supp
76986,Supp
77000,Supp
77005,Supp
77006,Supp
77011,Supp
77015,Supp
77025,Supp
77027,Supp
77031,Credit
77037,Supp
77040,Credit
77041,Supp
77042,Supp
77043,Credit
77051,Supp
77057,Supp
77059,Supp
77071,Supp
77074,Supp
77078,Supp
77086,Supp
77089,Elite
77090,Supp
77095,Elite
77101,Supp
77106,Supp
77107,Supp
77110,Supp
77125,Supp
77126,Elite
77137,Supp
77141,Credit
77144,Elite
77152,Supp
77168,Supp
77177,Supp
77196,Supp
77197,Elite
77201,Supp
77204,Supp
77208,Supp
77217,Supp
77223,Supp
77227,Elite
77234,Elite
77238,Supp
77248,Credit
77251,Supp
77278,Supp
77299,Supp
77300,Supp
77305,Supp
77314,Supp
77320,Elite
77325,Supp
77327,Credit
77329,Supp
77332,Supp
77337,Supp
77341,Supp
77370,Supp
77380,Supp
77385,Supp
77400,Supp
77411,Supp
77418,Elite
77422,Elite
77429,Supp
77433,Credit
77434,Supp
77435,Credit
77449,Supp
77454,Elite
77456,Supp
77457,Supp
77464,Supp
77471,Supp
77473,Supp
77503,Supp
77512,Supp
77530,Supp
77531,Supp
77532,Elite
77565,Elite
77579,Elite
77583,Elite
77589,Supp
77596,Elite
77604,Elite
77605,Credit
77610,Elite
77617,Elite
77621,Supp
77626,Elite
77644,Supp
77646,Supp
77649,Supp
77651,Supp
77656,Supp
77664,Supp
77715,Supp
77719,Supp
77720,Elite
77726,Elite
77732,Credit
77745,Supp
77749,Supp
77751,Supp
77754,Elite
77755,Credit
77761,Credit
77774,Credit
77778,Supp
